coachName,nationality,nationality2,teamName,teamCountry
Dino Zoff,Italy,,Juventus FC,Italy
Dino Zoff,Italy,,ACF Fiorentina,Italy
Dino Zoff,Italy,,SS Lazio,Italy
Dino Zoff,Italy,,SS Lazio,Italy
Dino Zoff,Italy,,SS Lazio,Italy
Dino Zoff,Italy,,Italy national under-23 football team,National
Dino Zoff,Italy,,Italy men's national association football team,National
Zbigniew Boniek,Poland,,US Lecce,Italy
Sven-Göran Eriksson,Sweden,,Shenzhen F.C.,People's Republic of China
Sven-Göran Eriksson,Sweden,,Degerfors IF,Sweden
Sven-Göran Eriksson,Sweden,,Guangzhou City F.C.,People's Republic of China
Sven-Göran Eriksson,Sweden,,S.L. Benfica,Portugal
Sven-Göran Eriksson,Sweden,,S.L. Benfica,Portugal
Sven-Göran Eriksson,Sweden,,U.C. Sampdoria,Italy
Sven-Göran Eriksson,Sweden,,Mexico men's national football team,National
Sven-Göran Eriksson,Sweden,,Ivory Coast men's national football team,National
Sven-Göran Eriksson,Sweden,,Leicester City F.C.,United Kingdom
Sven-Göran Eriksson,Sweden,,IFK Göteborg,Sweden
Sven-Göran Eriksson,Sweden,,ACF Fiorentina,Italy
Sven-Göran Eriksson,Sweden,,Philippines men's national association football team,National
Sven-Göran Eriksson,Sweden,,SS Lazio,Italy
Sven-Göran Eriksson,Sweden,,A.S. Roma,Italy
Sven-Göran Eriksson,Sweden,,England men's national association football team,National
Sven-Göran Eriksson,Sweden,,Manchester City F.C.,United Kingdom
Sven-Göran Eriksson,Sweden,,Shanghai Port F.C.,People's Republic of China
Eugenio Corini,Italy,,Brescia Calcio,Italy
Eugenio Corini,Italy,,Brescia Calcio,Italy
Gianfranco Zola,Italy,,Chelsea F.C.,United Kingdom
Rudi Völler,Germany,,Bayer 04 Leverkusen,Germany
Rudi Völler,Germany,,caretaker manager,
Rudi Völler,Germany,,Germany men's national association football team,National
Giuseppe Meazza,Italy,,Beşiktaş J.K.,Turkey
Giuseppe Meazza,Italy,,Atalanta BC,Italy
Giuseppe Meazza,Italy,,Inter Milan,Italy
Giuseppe Meazza,Italy,,Inter Milan,Italy
Giuseppe Meazza,Italy,,Inter Milan,Italy
Giuseppe Meazza,Italy,,Italy men's national association football team,National
Giuseppe Meazza,Italy,,Aurora Pro Patria 1919,Italy
Daniel Passarella,Argentina,,Club de Fútbol Monterrey,Mexico
Alessandro Nesta,Italy,,A.C. Perugia Calcio,Italy
Alessandro Nesta,Italy,,Miami FC,United States
Alessandro Nesta,Italy,,AC Monza,Italy
Alessandro Nesta,Italy,,A.C. Reggiana 1919,Italy
Alessandro Nesta,Italy,,Frosinone Calcio,Italy
Clarence Seedorf,Kingdom of the Netherlands,,AC Milan,Italy
Clarence Seedorf,Kingdom of the Netherlands,,Deportivo de La Coruña,Spain
Luis Enrique,Spain,,FC Barcelona Atlètic,Spain
Luis Enrique,Spain,,A.S. Roma,Italy
Luis Enrique,Spain,,Spain men's national football team,National
Luis Enrique,Spain,,Spain men's national football team,National
Luis Enrique,Spain,,Paris Saint-Germain FC,France
Luis Enrique,Spain,,FC Barcelona,Spain
Luis Enrique,Spain,,RC Celta de Vigo,Spain
Andriy Shevchenko,Ukraine,,Ukraine men's national football team,National
Andriy Shevchenko,Ukraine,,Genoa CFC,Italy
Claudio Ranieri,Italy,,Valencia CF,Spain
Claudio Ranieri,Italy,,Valencia CF,Spain
Claudio Ranieri,Italy,,Greece men's national football team,National
Claudio Ranieri,Italy,,Juventus FC,Italy
Claudio Ranieri,Italy,,U.C. Sampdoria,Italy
Claudio Ranieri,Italy,,S.S.D. Puteolana 1902 Internapoli,Italy
Claudio Ranieri,Italy,,S.S.D. Puteolana 1902 Internapoli,Italy
Claudio Ranieri,Italy,,AS Monaco FC,Monaco
Claudio Ranieri,Italy,,Fulham F.C.,United Kingdom
Claudio Ranieri,Italy,,Cagliari Calcio,Italy
Claudio Ranieri,Italy,,Cagliari Calcio,Italy
Claudio Ranieri,Italy,,FC Nantes,France
Claudio Ranieri,Italy,,Leicester City F.C.,United Kingdom
Claudio Ranieri,Italy,,Vigor Lamezia,Italy
Claudio Ranieri,Italy,,ACF Fiorentina,Italy
Claudio Ranieri,Italy,,SSC Napoli,Italy
Claudio Ranieri,Italy,,Parma Calcio 1913,Italy
Claudio Ranieri,Italy,,Watford F.C.,United Kingdom
Claudio Ranieri,Italy,,A.S. Roma,Italy
Claudio Ranieri,Italy,,A.S. Roma,Italy
Claudio Ranieri,Italy,,A.S. Roma,Italy
Claudio Ranieri,Italy,,Inter Milan,Italy
Claudio Ranieri,Italy,,Atlético de Madrid,Spain
Claudio Ranieri,Italy,,Chelsea F.C.,United Kingdom
Fabio Capello,Italy,,Juventus FC,Italy
Fabio Capello,Italy,,AC Milan,Italy
Fabio Capello,Italy,,AC Milan,Italy
Fabio Capello,Italy,,AC Milan,Italy
Fabio Capello,Italy,,A.S. Roma,Italy
Fabio Capello,Italy,,A.C. Milan Primavera,Italy
Fabio Capello,Italy,,England men's national association football team,National
Fabio Capello,Italy,,Russia men's national football team,National
Fabio Capello,Italy,,Real Madrid CF,Spain
Fabio Capello,Italy,,Real Madrid CF,Spain
Fabio Capello,Italy,,Jiangsu F.C.,People's Republic of China
Jesse Carver,England,,Millwall F.C.,United Kingdom
Frank de Boer,Kingdom of the Netherlands,,Atlanta United FC,United States
Frank de Boer,Kingdom of the Netherlands,,Crystal Palace F.C.,United Kingdom
Frank de Boer,Kingdom of the Netherlands,,Netherlands national association football team,National
Frank de Boer,Kingdom of the Netherlands,,Inter Milan,Italy
Frank de Boer,Kingdom of the Netherlands,,AFC Ajax,Netherlands
David Platt,United Kingdom,,Nottingham Forest F.C.,United Kingdom
Rafa Benítez,Spain,,Club Atlético Osasuna,Spain
Rafa Benítez,Spain,,Real Valladolid,Spain
Rafa Benítez,Spain,,Valencia CF,Spain
Rafa Benítez,Spain,,Liverpool F.C.,United Kingdom
Rafa Benítez,Spain,,Dalian Professional F.C.,People's Republic of China
Rafa Benítez,Spain,,Real Madrid Castilla,Spain
Rafa Benítez,Spain,,Real Madrid Castilla,Spain
Rafa Benítez,Spain,,Newcastle United F.C.,United Kingdom
Rafa Benítez,Spain,,C.D. Tenerife,Spain
Rafa Benítez,Spain,,SSC Napoli,Italy
Rafa Benítez,Spain,,Everton F.C.,United Kingdom
Rafa Benítez,Spain,,Real Madrid Juvenil,Spain
Rafa Benítez,Spain,,Inter Milan,Italy
Rafa Benítez,Spain,,Real Madrid CF,Spain
Rafa Benítez,Spain,,RC Celta de Vigo,Spain
Rafa Benítez,Spain,,Chelsea F.C.,United Kingdom
Rafa Benítez,Spain,,Extremadura UD,Spain
Gennaro Gattuso,Italy,,Valencia CF,Spain
Gennaro Gattuso,Italy,,Olympique de Marseille,France
Gennaro Gattuso,Italy,,AC Milan,Italy
Gennaro Gattuso,Italy,,HNK Hajduk Split,Croatia
Gennaro Gattuso,Italy,,SSC Napoli,Italy
Gennaro Gattuso,Italy,,Palermo F.C.,Italy
Gennaro Gattuso,Italy,,Pisa SC,Italy
Gennaro Gattuso,Italy,,Pisa SC,Italy
Gennaro Gattuso,Italy,,A.C. Milan Primavera,Italy
Gennaro Gattuso,Italy,,Italy men's national association football team,National
Gennaro Gattuso,Italy,,O.F.I. Crete F.C.,Greece
Igor Tudor,Croatia,,Olympique de Marseille,France
Igor Tudor,Croatia,,Juventus FC,Italy
Igor Tudor,Croatia,,HNK Hajduk Split,Croatia
Igor Tudor,Croatia,,HNK Hajduk Split,Croatia
Igor Tudor,Croatia,,P.A.O.K. F.C.,Greece
Igor Tudor,Croatia,,SS Lazio,Italy
Igor Tudor,Croatia,,Udinese Calcio,Italy
Igor Tudor,Croatia,,Udinese Calcio,Italy
Igor Tudor,Croatia,,Kardemir Karabükspor,Turkey
Igor Tudor,Croatia,,Galatasaray S.K.,Turkey
Igor Tudor,Croatia,,Hellas Verona FC,Italy
José Mourinho,Portugal,,FC Porto,Portugal
José Mourinho,Portugal,,S.L. Benfica,Portugal
José Mourinho,Portugal,,Manchester United F.C.,United Kingdom
José Mourinho,Portugal,,Tottenham Hotspur F.C.,United Kingdom
José Mourinho,Portugal,,U.D. Leiria,Portugal
José Mourinho,Portugal,,A.S. Roma,Italy
José Mourinho,Portugal,,Inter Milan,Italy
José Mourinho,Portugal,,Fenerbahçe Istanbul,Turkey
José Mourinho,Portugal,,Real Madrid CF,Spain
José Mourinho,Portugal,,Chelsea F.C.,United Kingdom
José Mourinho,Portugal,,Chelsea F.C.,United Kingdom
Giovanni Trapattoni,Italy,,S.L. Benfica,Portugal
Giovanni Trapattoni,Italy,,Juventus FC,Italy
Giovanni Trapattoni,Italy,,Juventus FC,Italy
Giovanni Trapattoni,Italy,,AC Milan,Italy
Giovanni Trapattoni,Italy,,FC Bayern Munich,Germany
Giovanni Trapattoni,Italy,,FC Bayern Munich,Germany
Giovanni Trapattoni,Italy,,Republic of Ireland men's national association football team,National
Giovanni Trapattoni,Italy,,Cagliari Calcio,Italy
Giovanni Trapattoni,Italy,,ACF Fiorentina,Italy
Giovanni Trapattoni,Italy,,VfB Stuttgart,Germany
Giovanni Trapattoni,Italy,,Inter Milan,Italy
Giovanni Trapattoni,Italy,,Italy men's national association football team,National
Giovanni Trapattoni,Italy,,FC Red Bull Salzburg,Austria
Filippo Inzaghi,Italy,,AC Milan,Italy
Filippo Inzaghi,Italy,,Bologna F.C. 1909,Italy
Filippo Inzaghi,Italy,,Palermo F.C.,Italy
Filippo Inzaghi,Italy,,Pisa SC,Italy
Filippo Inzaghi,Italy,,Venezia F.C.,Italy
Filippo Inzaghi,Italy,,Benevento Calcio,Italy
Filippo Inzaghi,Italy,,Brescia Calcio,Italy
Filippo Inzaghi,Italy,,U.S. Salernitana 1919,Italy
Filippo Inzaghi,Italy,,AS Reggina 1914,Italy
Roberto Donadoni,Italy,,Shenzhen F.C.,People's Republic of China
Roberto Donadoni,Italy,,Bologna F.C. 1909,Italy
Roberto Donadoni,Italy,,Cagliari Calcio,Italy
Roberto Donadoni,Italy,,Genoa CFC,Italy
Roberto Donadoni,Italy,,SSC Napoli,Italy
Roberto Donadoni,Italy,,Parma Calcio 1913,Italy
Roberto Donadoni,Italy,,US Livorno 1915,Italy
Roberto Donadoni,Italy,,US Livorno 1915,Italy
Roberto Donadoni,Italy,,Italy men's national association football team,National
Roberto Donadoni,Italy,,Calcio Lecco 1912,Italy
Roberto Donadoni,Italy,,Calcio Lecco 1912,Italy
Fabio Cannavaro,Italy,,Guangzhou F.C.,People's Republic of China
Fabio Cannavaro,Italy,,GNK Dinamo Zagreb,Croatia
Fabio Cannavaro,Italy,,Udinese Calcio,Italy
Fabio Cannavaro,Italy,,Benevento Calcio,Italy
Paolo Vanoli,Italy,,Chelsea F.C.,United Kingdom
Gunnar Gren,Sweden,,AC Milan,Italy
Leonardo Araújo,Brazil,,AC Milan,Italy
Diego Simeone,Argentina,,Club Atlético River Plate,Argentina
Diego Simeone,Argentina,,Catania FC,Italy
Diego Simeone,Argentina,,Estudiantes de La Plata,Argentina
Diego Simeone,Argentina,,San Lorenzo de Almagro,Argentina
Diego Simeone,Argentina,,SSC Napoli,Italy
Diego Simeone,Argentina,,Racing Club,Argentina
Diego Simeone,Argentina,,Racing Club,Argentina
Diego Simeone,Argentina,,Atlético de Madrid,Spain
Carlo Ancelotti,Italy,,Juventus FC,Italy
Carlo Ancelotti,Italy,,AC Milan,Italy
Carlo Ancelotti,Italy,,FC Bayern Munich,Germany
Carlo Ancelotti,Italy,,SSC Napoli,Italy
Carlo Ancelotti,Italy,,Parma Calcio 1913,Italy
Carlo Ancelotti,Italy,,A.C. Reggiana 1919,Italy
Carlo Ancelotti,Italy,,Paris Saint-Germain FC,France
Carlo Ancelotti,Italy,,Everton F.C.,United Kingdom
Carlo Ancelotti,Italy,,Brazil men's national football team,National
Carlo Ancelotti,Italy,,Real Madrid CF,Spain
Carlo Ancelotti,Italy,,Real Madrid CF,Spain
Carlo Ancelotti,Italy,,Chelsea F.C.,United Kingdom
Cristian Chivu,Romania,,Parma Calcio 1913,Italy
Cristian Chivu,Romania,,Inter Milan,Italy
Fatih Terim,Turkey,,Göztepe S.K.,Turkey
Fatih Terim,Turkey,,AC Milan,Italy
Fatih Terim,Turkey,,Turkey national under-21 football team,National
Fatih Terim,Turkey,,ACF Fiorentina,Italy
Fatih Terim,Turkey,,Al-Shabab Football Club,Saudi Arabia
Fatih Terim,Turkey,,Panathinaikos F.C.,Greece
Fatih Terim,Turkey,,Turkey men's national football team,National
Fatih Terim,Turkey,,Turkey men's national football team,National
Fatih Terim,Turkey,,Turkey men's national football team,National
Fatih Terim,Turkey,,Turkey men's national football team,National
Fatih Terim,Turkey,,MKE Ankaragücü,Turkey
Fatih Terim,Turkey,,Galatasaray S.K.,Turkey
Fatih Terim,Turkey,,Galatasaray S.K.,Turkey
Fatih Terim,Turkey,,Galatasaray S.K.,Turkey
Fatih Terim,Turkey,,Galatasaray S.K.,Turkey
Siniša Mihajlović,Serbia,,U.C. Sampdoria,Italy
Siniša Mihajlović,Serbia,,AC Milan,Italy
Siniša Mihajlović,Serbia,,Serbia men's national football team,National
Siniša Mihajlović,Serbia,,Bologna F.C. 1909,Italy
Siniša Mihajlović,Serbia,,Bologna F.C. 1909,Italy
Siniša Mihajlović,Serbia,,Catania FC,Italy
Siniša Mihajlović,Serbia,,ACF Fiorentina,Italy
Siniša Mihajlović,Serbia,,Torino FC,Italy
Siniša Mihajlović,Serbia,,Sporting CP,Portugal
Walter Zenga,Italy,Romania,Emirates Club,United Arab Emirates
Walter Zenga,Italy,Romania,FC Progresul București,Romania
Walter Zenga,Italy,Romania,U.C. Sampdoria,Italy
Walter Zenga,Italy,Romania,FK Crvena zvezda,Serbia
Walter Zenga,Italy,Romania,FCSB,Romania
Walter Zenga,Italy,Romania,Cagliari Calcio,Italy
Walter Zenga,Italy,Romania,Wolverhampton Wanderers F.C.,United Kingdom
Walter Zenga,Italy,Romania,Catania FC,Italy
Walter Zenga,Italy,Romania,FC Dinamo Bucharest,Romania
Walter Zenga,Italy,Romania,Brera Calcio,Italy
Walter Zenga,Italy,Romania,Palermo F.C.,Italy
Walter Zenga,Italy,Romania,Gaziantepspor,Turkey
Walter Zenga,Italy,Romania,New England Revolution,United States
Walter Zenga,Italy,Romania,Al Jazira Club,United Arab Emirates
Walter Zenga,Italy,Romania,Al-Nassr,Saudi Arabia
Walter Zenga,Italy,Romania,Venezia F.C.,Italy
Walter Zenga,Italy,Romania,F.C. Crotone,Italy
Walter Zenga,Italy,Romania,Al-Nasr SC,United Arab Emirates
Walter Zenga,Italy,Romania,Al-Shaab CSC,United Arab Emirates
Tarcisio Burgnich,Italy,,US Livorno 1915,Italy
Giovanni Ferrari,Italy,,Juventus FC,Italy
Roberto Mancini,Italy,,Saudi Arabia men's national football team,National
Roberto Mancini,Italy,,ACF Fiorentina,Italy
Roberto Mancini,Italy,,SS Lazio,Italy
Roberto Mancini,Italy,,FC Zenit Saint Petersburg,Russia
Roberto Mancini,Italy,,Galatasaray S.K.,Turkey
Roberto Mancini,Italy,,Manchester City F.C.,United Kingdom
Roberto Mancini,Italy,,Inter Milan,Italy
Roberto Mancini,Italy,,Inter Milan,Italy
Roberto Mancini,Italy,,Italy men's national association football team,National
Vincenzo Montella,Italy,,Sevilla FC,Spain
Vincenzo Montella,Italy,,U.C. Sampdoria,Italy
Vincenzo Montella,Italy,,AC Milan,Italy
Vincenzo Montella,Italy,,Catania FC,Italy
Vincenzo Montella,Italy,,ACF Fiorentina,Italy
Vincenzo Montella,Italy,,ACF Fiorentina,Italy
Vincenzo Montella,Italy,,Adana Demirspor,Turkey
Vincenzo Montella,Italy,,Turkey men's national football team,National
Paulo Sousa,Portugal,,Queens Park Rangers F.C.,United Kingdom
Alfredo Foni,Italy,,Venezia F.C.,Italy
Luigi Di Biagio,Italy,,Italy national under-21 football team,National
Nils Liedholm,Sweden,,AC Milan,Italy
Marcello Lippi,Italy,,U.S. Città di Pontedera S.S.D.,Italy
Marcello Lippi,Italy,,Pistoiese FC,Italy
Marcello Lippi,Italy,,Guangzhou F.C.,People's Republic of China
Marcello Lippi,Italy,,China men's national football team,National
Marcello Lippi,Italy,,Juventus FC,Italy
Marcello Lippi,Italy,,Juventus FC,Italy
Marcello Lippi,Italy,,Atalanta BC,Italy
Marcello Lippi,Italy,,SSC Napoli,Italy
Marcello Lippi,Italy,,Siena FC,Italy
Marcello Lippi,Italy,,Lucchese 1905,Italy
Marcello Lippi,Italy,,U.C. Sampdoria under-19,Italy
Marcello Lippi,Italy,,Inter Milan,Italy
Marcello Lippi,Italy,,Carrarese Calcio,Italy
Marcello Lippi,Italy,,AC Cesena,Italy
Marcello Lippi,Italy,,Italy men's national association football team,National
Marcello Lippi,Italy,,Italy men's national association football team,National
Mircea Lucescu,Romania,,CS Corvinul Hunedoara,Romania
Mircea Lucescu,Romania,,Romania men's national association football team,National
Mircea Lucescu,Romania,,FC Dynamo Kyiv,Ukraine
Daniele De Rossi,Italy,,SPAL,Italy
Daniele De Rossi,Italy,,A.S. Roma,Italy
Carlos Bianchi,Argentina,,Paris Saint-Germain FC,France
Andrea Pirlo,Italy,,Fatih Karagümrük S.K.,Turkey
Andrea Pirlo,Italy,,Juventus FC,Italy
Andrea Pirlo,Italy,,U.C. Sampdoria,Italy
Andrea Pirlo,Italy,,Juventus F.C. Next Gen,Italy
Massimo brambella,Uruguay,,Club Atlético Peñarol,Uruguay
Cesare Maldini,Italy,,AC Milan,Italy
Vittorio Pozzo,Italy,,AC Milan,Italy
Ciro Ferrara,Italy,,Juventus FC,Italy
Cesare Prandelli,Italy,,Atalanta BC,Italy
Luigi Delneri,Italy,,A.S.G. Nocerina,Italy
Dejan Stanković,Serbia,,U.C. Sampdoria,Italy
Dejan Stanković,Serbia,,FK Crvena zvezda,Serbia
Thiago Motta,Italy,Brazil,Juventus FC,Italy
Thiago Motta,Italy,Brazil,Bologna F.C. 1909,Italy
Thiago Motta,Italy,Brazil,Genoa CFC,Italy
Thiago Motta,Italy,Brazil,Spezia Calcio,Italy
Roy Hodgson,United Kingdom,,Liverpool F.C.,United Kingdom
Roy Hodgson,United Kingdom,,Switzerland men's national football team,National
Roy Hodgson,United Kingdom,,Finland men's national football team,National
Roy Hodgson,United Kingdom,,Fulham F.C.,United Kingdom
Roy Hodgson,United Kingdom,,West Bromwich Albion F.C.,United Kingdom
Roy Hodgson,United Kingdom,,F.C. Copenhagen,Denmark
Roy Hodgson,United Kingdom,,Blackburn Rovers F.C.,United Kingdom
Roy Hodgson,United Kingdom,,Bristol City F.C.,United Kingdom
Roy Hodgson,United Kingdom,,Crystal Palace F.C.,United Kingdom
Roy Hodgson,United Kingdom,,Crystal Palace F.C.,United Kingdom
Roy Hodgson,United Kingdom,,Grasshopper Club Zürich,Switzerland
Roy Hodgson,United Kingdom,,Malmö FF,Sweden
Roy Hodgson,United Kingdom,,Viking FK,Norway
Roy Hodgson,United Kingdom,,Emirates men's national football team,National
Roy Hodgson,United Kingdom,,Örebro SK,Sweden
Roy Hodgson,United Kingdom,,Watford F.C.,United Kingdom
Roy Hodgson,United Kingdom,,Udinese Calcio,Italy
Roy Hodgson,United Kingdom,,Neuchâtel Xamax FCS,Switzerland
Roy Hodgson,United Kingdom,,England men's national association football team,National
Roy Hodgson,United Kingdom,,Halmstads BK,Sweden
Roy Hodgson,United Kingdom,,Inter Milan,Italy
Roy Hodgson,United Kingdom,,Inter Milan,Italy
Mauro Tassotti,Italy,,AC Milan,Italy
Zdeněk Zeman,Czech Republic,,S.S.D. Licata 1931,Italy
Zdeněk Zeman,Czech Republic,,US Lecce,Italy
Zdeněk Zeman,Czech Republic,,US Lecce,Italy
Zdeněk Zeman,Czech Republic,,Calcio Foggia 1920,Italy
Zdeněk Zeman,Czech Republic,,Calcio Foggia 1920,Italy
Zdeněk Zeman,Czech Republic,,Calcio Foggia 1920,Italy
Zdeněk Zeman,Czech Republic,,FK Crvena zvezda,Serbia
Zdeněk Zeman,Czech Republic,,Cagliari Calcio,Italy
Zdeněk Zeman,Czech Republic,,Cagliari Calcio,Italy
Zdeněk Zeman,Czech Republic,,SS Lazio,Italy
Zdeněk Zeman,Czech Republic,,SSC Napoli,Italy
Zdeněk Zeman,Czech Republic,,Parma Calcio 1913,Italy
Zdeněk Zeman,Czech Republic,,Delfino Pescara 1936,Italy
Zdeněk Zeman,Czech Republic,,Delfino Pescara 1936,Italy
Zdeněk Zeman,Czech Republic,,A.S. Roma,Italy
Zdeněk Zeman,Czech Republic,,A.S. Roma,Italy
Zdeněk Zeman,Czech Republic,,A.C.R. Messina,Italy
Zdeněk Zeman,Czech Republic,,U.S. Avellino 1912,Italy
Zdeněk Zeman,Czech Republic,,FC Lugano,Switzerland
Zdeněk Zeman,Czech Republic,,Fenerbahçe Istanbul,Turkey
Zdeněk Zeman,Czech Republic,,Brescia Calcio,Italy
Zdeněk Zeman,Czech Republic,,U.S. Salernitana 1919,Italy
Walter Novellino,Italy,,A.C. Perugia Calcio,Italy
Marcelo Bielsa,Argentina,,Leeds United F.C.,United Kingdom
Marcelo Bielsa,Argentina,,Uruguay men's national football team,National
Helenio Herrera,France,Argentina,Real Valladolid,Spain
Helenio Herrera,France,Argentina,Sevilla FC,Spain
Helenio Herrera,France,Argentina,CD Málaga,Spain
Helenio Herrera,France,Argentina,Stade Français Football,France
Helenio Herrera,France,Argentina,C.F. Os Belenenses,Portugal
Helenio Herrera,France,Argentina,A.S. Roma,Italy
Helenio Herrera,France,Argentina,A.S. Roma,Italy
Helenio Herrera,France,Argentina,Rimini FC,Italy
Helenio Herrera,France,Argentina,Rimini FC,Italy
Helenio Herrera,France,Argentina,Inter Milan,Italy
Helenio Herrera,France,Argentina,Inter Milan,Italy
Helenio Herrera,France,Argentina,FC Barcelona,Spain
Helenio Herrera,France,Argentina,FC Barcelona,Spain
Helenio Herrera,France,Argentina,FC Barcelona,Spain
Helenio Herrera,France,Argentina,Atlético de Madrid,Spain
Helenio Herrera,France,Argentina,Deportivo de La Coruña,Spain
Frank Soo,United Kingdom,,Scunthorpe United F.C.,United Kingdom
Frank Soo,United Kingdom,,Djurgårdens IF Fotboll,Sweden
Bill Dodgin,United Kingdom,,Southampton F.C.,United Kingdom
Roberto Sensini,Argentina,,Udinese Calcio,Italy
Ferruccio Valcareggi,Italy,,A.C. Prato,Italy
Sérgio Conceição,Portugal,,FC Porto,Portugal
Sérgio Conceição,Portugal,,AC Milan,Italy
Sérgio Conceição,Portugal,,FC Nantes,France
Sérgio Conceição,Portugal,,Vitória S.C.,Portugal
Sérgio Conceição,Portugal,,Associação Académica de Coimbra – O.A.F.,Portugal
Sérgio Conceição,Portugal,,S.C. Olhanense,Portugal
Sérgio Conceição,Portugal,,S.C. Braga,Portugal
Alberto Zaccheroni,Italy,,AC Milan,Italy
Luciano Spalletti,Italy,,U.C. Sampdoria,Italy
Luciano Spalletti,Italy,,U.C. Sampdoria,Italy
Luciano Spalletti,Italy,,A.C. Ancona,Italy
Luciano Spalletti,Italy,,SSC Napoli,Italy
Luciano Spalletti,Italy,,A.S. Roma,Italy
Luciano Spalletti,Italy,,A.S. Roma,Italy
Luciano Spalletti,Italy,,Udinese Calcio,Italy
Luciano Spalletti,Italy,,Udinese Calcio,Italy
Luciano Spalletti,Italy,,FC Zenit Saint Petersburg,Russia
Luciano Spalletti,Italy,,Venezia F.C.,Italy
Luciano Spalletti,Italy,,Venezia F.C.,Italy
Luciano Spalletti,Italy,,Inter Milan,Italy
Luciano Spalletti,Italy,,Empoli FC,Italy
Luciano Spalletti,Italy,,Empoli FC,Italy
Luciano Spalletti,Italy,,Italy men's national association football team,National
Nevio Scala,Italy,,AS Reggina 1914,Italy
Arrigo Sacchi,Italy,,AC Milan,Italy
Arrigo Sacchi,Italy,,AC Milan,Italy
Arrigo Sacchi,Italy,,Parma Calcio 1913,Italy
Arrigo Sacchi,Italy,,Parma Calcio 1913,Italy
Arrigo Sacchi,Italy,,Rimini FC,Italy
Arrigo Sacchi,Italy,,Rimini FC,Italy
Arrigo Sacchi,Italy,,Italy men's national association football team,National
Arrigo Sacchi,Italy,,Atlético de Madrid,Spain
Simone Inzaghi,Italy,,SS Lazio,Italy
Simone Inzaghi,Italy,,Inter Milan,Italy
Simone Inzaghi,Italy,,Al Hilal SFC,Saudi Arabia
Luigi Simoni,Italy,,Cosenza Calcio,Italy
Luigi Simoni,Italy,,PFC CSKA Sofia,Bulgaria
Luigi Simoni,Italy,,Genoa CFC,Italy
Luigi Simoni,Italy,,Genoa CFC,Italy
Luigi Simoni,Italy,,Genoa CFC,Italy
Luigi Simoni,Italy,,SS Lazio,Italy
Luigi Simoni,Italy,,SSC Napoli,Italy
Luigi Simoni,Italy,,SSC Napoli,Italy
Luigi Simoni,Italy,,Siena FC,Italy
Luigi Simoni,Italy,,Torino FC,Italy
Luigi Simoni,Italy,,SSC Ancona,Italy
Luigi Simoni,Italy,,Pisa SC,Italy
Luigi Simoni,Italy,,Pisa SC,Italy
Luigi Simoni,Italy,,A.S. Gubbio 1910,Italy
Luigi Simoni,Italy,,A.S. Gubbio 1910,Italy
Luigi Simoni,Italy,,Lucchese 1905,Italy
Luigi Simoni,Italy,,Piacenza Calcio,Italy
Luigi Simoni,Italy,,Inter Milan,Italy
Luigi Simoni,Italy,,Carrarese Calcio,Italy
Luigi Simoni,Italy,,Brescia Calcio,Italy
Luigi Simoni,Italy,,Empoli FC,Italy
Luigi Simoni,Italy,,U.S. Cremonese,Italy
Lajos Czeizler,Hungary,,AC Milan,Italy
Massimo Oddo,Italy,,Delfino Pescara 1936,Italy
Fabio Grosso,Italy,,FC Sion,Switzerland
Fabio Grosso,Italy,,SSC Bari,Italy
Fabio Grosso,Italy,,Brescia Calcio,Italy
Fabio Grosso,Italy,,Olympique Lyonnais,France
Fabio Grosso,Italy,,Frosinone Calcio,Italy
Fabio Grosso,Italy,,US Sassuolo Calcio,Italy
Fabio Grosso,Italy,,Hellas Verona FC,Italy
Cristian Brocchi,Italy,,AC Milan,Italy
Franco Scoglio,Italy,,Città di Acireale 1946,Italy
Franco Scoglio,Italy,,Cosenza Calcio,Italy
Franco Scoglio,Italy,,Bologna F.C. 1909,Italy
Franco Scoglio,Italy,,A.C. Ancona,Italy
Franco Scoglio,Italy,,Genoa CFC,Italy
Franco Scoglio,Italy,,Genoa CFC,Italy
Franco Scoglio,Italy,,Genoa CFC,Italy
Franco Scoglio,Italy,,SSC Napoli,Italy
Franco Scoglio,Italy,,Delfino Pescara 1936,Italy
Franco Scoglio,Italy,,Libya men's national football team,National
Franco Scoglio,Italy,,Torino FC,Italy
Franco Scoglio,Italy,,Tunisia men's national football team,National
Franco Scoglio,Italy,,Udinese Calcio,Italy
Franco Scoglio,Italy,,A.C.R. Messina,Italy
Franco Scoglio,Italy,,A.C.R. Messina,Italy
Franco Scoglio,Italy,,A.C.R. Messina,Italy
Franco Scoglio,Italy,,A.C.R. Messina,Italy
Franco Scoglio,Italy,,Lucchese 1905,Italy
Franco Scoglio,Italy,,ASD Akragas 2018,Italy
Franco Scoglio,Italy,,A.S.D Gioiese 1918,Italy
Franco Scoglio,Italy,,A.S.D Gioiese 1918,Italy
Franco Scoglio,Italy,,A.S.D Gioiese 1918,Italy
Franco Scoglio,Italy,,F.C. Crotone,Italy
Franco Scoglio,Italy,,AS Reggina 1914,Italy
Franco Scoglio,Italy,,AS Reggina 1914,Italy
Franco Scoglio,Italy,,Spezia Calcio,Italy
Juan Carlos Lorenzo,Argentina,,Club Atlético Atlanta,Argentina
Juan Carlos Lorenzo,Argentina,,Independiente Santa Fe,Colombia
Juan Carlos Lorenzo,Argentina,,Club Atlético River Plate,Argentina
Juan Carlos Lorenzo,Argentina,,Boca Juniors,Argentina
Juan Carlos Lorenzo,Argentina,,Boca Juniors,Argentina
Juan Carlos Lorenzo,Argentina,,Club Atlético Vélez Sarsfield,Argentina
Juan Carlos Lorenzo,Argentina,,San Lorenzo de Almagro,Argentina
Juan Carlos Lorenzo,Argentina,,San Lorenzo de Almagro,Argentina
Juan Carlos Lorenzo,Argentina,,San Lorenzo de Almagro,Argentina
Juan Carlos Lorenzo,Argentina,,San Lorenzo de Almagro,Argentina
Juan Carlos Lorenzo,Argentina,,San Lorenzo de Almagro,Argentina
Juan Carlos Lorenzo,Argentina,,Argentinos Juniors,Argentina
Juan Carlos Lorenzo,Argentina,,SS Lazio,Italy
Juan Carlos Lorenzo,Argentina,,SS Lazio,Italy
Juan Carlos Lorenzo,Argentina,,SS Lazio,Italy
Juan Carlos Lorenzo,Argentina,,A.S. Roma,Italy
Juan Carlos Lorenzo,Argentina,,Racing Club,Argentina
Juan Carlos Lorenzo,Argentina,,Argentina men's national association football team,National
Juan Carlos Lorenzo,Argentina,,Argentina men's national association football team,National
Juan Carlos Lorenzo,Argentina,,Unión de Santa Fe,Argentina
Juan Carlos Lorenzo,Argentina,,Atlético de Madrid,Spain
Juan Carlos Lorenzo,Argentina,,RCD Mallorca,Spain
Juan Carlos Lorenzo,Argentina,,RCD Mallorca,Spain
Francesco Guidolin,Italy,,Swansea City A.F.C.,United Kingdom
Nereo Rocco,Italy,,AC Milan,Italy
Nedo Sonetti,Italy,,Cosenza Calcio,Italy
Nedo Sonetti,Italy,,US Lecce,Italy
Nedo Sonetti,Italy,,US Lecce,Italy
Nedo Sonetti,Italy,,Viareggio Calcio,Italy
Nedo Sonetti,Italy,,S.S. Sambenedettese Calcio,Italy
Nedo Sonetti,Italy,,Atalanta BC,Italy
Nedo Sonetti,Italy,,A.S.D. Casertana Calcio,Italy
Nedo Sonetti,Italy,,Bologna F.C. 1909,Italy
Nedo Sonetti,Italy,,Cagliari Calcio,Italy
Nedo Sonetti,Italy,,Cagliari Calcio,Italy
Nedo Sonetti,Italy,,Cagliari Calcio,Italy
Nedo Sonetti,Italy,,Catania FC,Italy
Nedo Sonetti,Italy,,A.C. Ancona,Italy
Nedo Sonetti,Italy,,Palermo F.C.,Italy
Nedo Sonetti,Italy,,Torino FC,Italy
Nedo Sonetti,Italy,,Udinese Calcio,Italy
Nedo Sonetti,Italy,,AC Monza,Italy
Nedo Sonetti,Italy,,U.S. Avellino 1912,Italy
Nedo Sonetti,Italy,,Ascoli Calcio 1898 FC,Italy
Nedo Sonetti,Italy,,Ascoli Calcio 1898 FC,Italy
Nedo Sonetti,Italy,,Brescia Calcio,Italy
Nedo Sonetti,Italy,,Brescia Calcio,Italy
Nedo Sonetti,Italy,,U.S. Cremonese,Italy
Nedo Sonetti,Italy,,U.S. Salernitana 1919,Italy
Nedo Sonetti,Italy,,Spezia Calcio,Italy
Nedo Sonetti,Italy,,Vicenza Calcio,Italy
Alec Stock,United Kingdom,,AFC Bournemouth,United Kingdom
Héctor Cúper,Argentina,,Syria men's national football team,National
Héctor Cúper,Argentina,,Real Betis Balompié,Spain
Fabio Liverani,Italy,,Leyton Orient F.C.,United Kingdom
Mario Corso,Italy,,US Lecce,Italy
Umberto Caligaris,Italy,,Brescia Calcio,Italy
Vujadin Boškov,Serbia,,BSC Young Boys,Switzerland
Domenico Di Carlo,Italy,,U.C. Sampdoria,Italy
Domenico Di Carlo,Italy,,Cesena FC,Italy
Domenico Di Carlo,Italy,,AC ChievoVerona,Italy
Domenico Di Carlo,Italy,,Parma Calcio 1913,Italy
Domenico Di Carlo,Italy,,Mantova FC,Italy
Domenico Di Carlo,Italy,,LR Vicenza,Italy
Domenico Di Carlo,Italy,,US Livorno 1915,Italy
Domenico Di Carlo,Italy,,Novara Calcio,Italy
Domenico Di Carlo,Italy,,Spezia Calcio,Italy
Antonio Conte,Italy,,Juventus FC,Italy
Antonio Conte,Italy,,Juventus FC,Italy
Antonio Conte,Italy,,Tottenham Hotspur F.C.,United Kingdom
Antonio Conte,Italy,,Atalanta BC,Italy
Antonio Conte,Italy,,SSC Napoli,Italy
Antonio Conte,Italy,,Siena FC,Italy
Antonio Conte,Italy,,S.S. Arezzo,Italy
Antonio Conte,Italy,,S.S. Arezzo,Italy
Antonio Conte,Italy,,Inter Milan,Italy
Antonio Conte,Italy,,SSC Bari,Italy
Antonio Conte,Italy,,Italy men's national association football team,National
Antonio Conte,Italy,,Chelsea F.C.,United Kingdom
George Raynor,United Kingdom,,Doncaster Rovers F.C.,United Kingdom
George Raynor,United Kingdom,,Djurgårdens IF Fotboll,Sweden
György Sárosi,Hungary,,SSC Bari,Italy
Aldo Olivieri,Italy,,Viareggio Calcio,Italy
Raffaele Palladino,Italy,,ACF Fiorentina,Italy
Raffaele Palladino,Italy,,AC Monza,Italy
Raffaele Palladino,Italy,,Inter Milan,Italy
Cristian Bucchi,Italy,,Delfino Pescara 1936,Italy
Fabio Pecchia,Italy,,A.S. Gubbio 1910,Italy
Ivan Jurić,Croatia,,A.S. Roma,Italy
Ivan Jurić,Croatia,,Hellas Verona FC,Italy
Gianpiero Marini,Italy,,Inter Milan,Italy
Eraldo Monzeglio,Italy,,Como 1907,Italy
Attila Sallustro,Italy,Paraguay,SSC Napoli,Italy
Attila Sallustro,Italy,Paraguay,U.S. Salernitana 1919,Italy
Amedeo Amadei,Italy,,SSC Napoli,Italy
Marco Giampaolo,Italy,,US Lecce,Italy
Marco Giampaolo,Italy,,U.C. Sampdoria,Italy
Marco Giampaolo,Italy,,U.C. Sampdoria,Italy
Marco Giampaolo,Italy,,AC Milan,Italy
Marco Giampaolo,Italy,,Cagliari Calcio,Italy
Marco Giampaolo,Italy,,Cagliari Calcio,Italy
Marco Giampaolo,Italy,,Catania FC,Italy
Marco Giampaolo,Italy,,Siena FC,Italy
Marco Giampaolo,Italy,,Torino FC,Italy
Marco Giampaolo,Italy,,Ascoli Calcio 1898 FC,Italy
Marco Giampaolo,Italy,,Brescia Calcio,Italy
Marco Giampaolo,Italy,,AC Cesena,Italy
Marco Giampaolo,Italy,,Empoli FC,Italy
Marco Giampaolo,Italy,,U.S. Cremonese,Italy
Emiliano Mondonico,Italy,,Como 1907,Italy
Emiliano Mondonico,Italy,,Cosenza Calcio,Italy
Emiliano Mondonico,Italy,,Cosenza Calcio,Italy
Emiliano Mondonico,Italy,,Atalanta BC,Italy
Emiliano Mondonico,Italy,,Atalanta BC,Italy
Emiliano Mondonico,Italy,,ACF Fiorentina,Italy
Emiliano Mondonico,Italy,,SSC Napoli,Italy
Emiliano Mondonico,Italy,,Torino FC,Italy
Emiliano Mondonico,Italy,,Torino FC,Italy
Emiliano Mondonico,Italy,,U.C. AlbinoLeffe,Italy
Emiliano Mondonico,Italy,,U.C. AlbinoLeffe,Italy
Emiliano Mondonico,Italy,,U.C. AlbinoLeffe,Italy
Emiliano Mondonico,Italy,,U.S. Cremonese,Italy
Emiliano Mondonico,Italy,,U.S. Cremonese,Italy
Emiliano Mondonico,Italy,,U.S. Cremonese,Italy
Emiliano Mondonico,Italy,,Novara Calcio,Italy
Luigi Radice,Italy,,AC Milan,Italy
Luigi Radice,Italy,,Bologna F.C. 1909,Italy
Luigi Radice,Italy,,Bologna F.C. 1909,Italy
Luigi Radice,Italy,,Cagliari Calcio,Italy
Luigi Radice,Italy,,Cagliari Calcio,Italy
Luigi Radice,Italy,,ACF Fiorentina,Italy
Luigi Radice,Italy,,ACF Fiorentina,Italy
Luigi Radice,Italy,,Genoa CFC,Italy
Luigi Radice,Italy,,A.S. Roma,Italy
Luigi Radice,Italy,,Torino FC,Italy
Luigi Radice,Italy,,Torino FC,Italy
Luigi Radice,Italy,,AC Monza,Italy
Luigi Radice,Italy,,AC Monza,Italy
Luigi Radice,Italy,,AC Monza,Italy
Luigi Radice,Italy,,Treviso F.B.C. 1993,Italy
Luigi Radice,Italy,,Inter Milan,Italy
Luigi Radice,Italy,,SSC Bari,Italy
Luigi Radice,Italy,,AC Cesena,Italy
Ottavio Bianchi,Italy,,Como 1907,Italy
Ottavio Bianchi,Italy,,U.S. Triestina Calcio 1918,Italy
Ottavio Bianchi,Italy,,Atalanta BC,Italy
Ottavio Bianchi,Italy,,ACF Fiorentina,Italy
Ottavio Bianchi,Italy,,SSC Napoli,Italy
Ottavio Bianchi,Italy,,SSC Napoli,Italy
Ottavio Bianchi,Italy,,A.S. Roma,Italy
Ottavio Bianchi,Italy,,Siena FC,Italy
Ottavio Bianchi,Italy,,U.S. Avellino 1912,Italy
Ottavio Bianchi,Italy,,Mantova FC,Italy
Ottavio Bianchi,Italy,,Inter Milan,Italy
Luis Diego López,Uruguay,,Club Atlético Peñarol,Uruguay
Luis Diego López,Uruguay,,Brescia Calcio,Italy
Stefano Colantuono,Italy,,S.S. Sambenedettese Calcio,Italy
Stefano Pioli,Italy,,AC Milan,Italy
Stefano Pioli,Italy,,Bologna F.C. 1909,Italy
Stefano Pioli,Italy,,AC ChievoVerona,Italy
Stefano Pioli,Italy,,ACF Fiorentina,Italy
Stefano Pioli,Italy,,SS Lazio,Italy
Stefano Pioli,Italy,,Palermo F.C.,Italy
Stefano Pioli,Italy,,Parma Calcio 1913,Italy
Stefano Pioli,Italy,,Piacenza Calcio,Italy
Stefano Pioli,Italy,,Al-Nassr,Saudi Arabia
Stefano Pioli,Italy,,Inter Milan,Italy
Stefano Pioli,Italy,,U.S. Grosseto 1912,Italy
Stefano Pioli,Italy,,Modena F.C.,Italy
Stefano Pioli,Italy,,Modena F.C.,Italy
Stefano Pioli,Italy,,U.S. Salernitana 1919,Italy
Stefano Pioli,Italy,,US Sassuolo Calcio,Italy
Walter Mazzarri,Italy,,Città di Acireale 1946,Italy
Walter Mazzarri,Italy,,Pistoiese FC,Italy
Walter Mazzarri,Italy,,U.C. Sampdoria,Italy
Walter Mazzarri,Italy,,Cagliari Calcio,Italy
Walter Mazzarri,Italy,,SSC Napoli,Italy
Walter Mazzarri,Italy,,SSC Napoli,Italy
Walter Mazzarri,Italy,,Watford F.C.,United Kingdom
Walter Mazzarri,Italy,,Torino FC,Italy
Walter Mazzarri,Italy,,Inter Milan,Italy
Walter Mazzarri,Italy,,US Livorno 1915,Italy
Walter Mazzarri,Italy,,AS Reggina 1914,Italy
Giovanni Galeone,Italy,,Pordenone FC,Italy
Roberto De Zerbi,Italy,,Olympique de Marseille,France
Roberto De Zerbi,Italy,,Calcio Foggia 1920,Italy
Roberto De Zerbi,Italy,,FC Shakhtar Donetsk,Ukraine
Roberto De Zerbi,Italy,,Brighton & Hove Albion F.C.,United Kingdom
Roberto De Zerbi,Italy,,Palermo F.C.,Italy
Roberto De Zerbi,Italy,,U.S. Darfo Boario S.S.D.,Italy
Roberto De Zerbi,Italy,,Benevento Calcio,Italy
Roberto De Zerbi,Italy,,US Sassuolo Calcio,Italy
Luis Carniglia,Argentina,,AC Milan,Italy
Renzo Ulivieri,Italy,,A.C. Prato,Italy
Giuseppe Iachini,Italy,,ACF Fiorentina,Italy
Vincenzo Italiano,Italy,,Bologna F.C. 1909,Italy
Gabriele Cioffi,Italy,,Birmingham City F.C.,United Kingdom
Alberto Malesani,Italy,,Panathinaikos F.C.,Greece
�scar Tabárez,Uruguay,,Uruguay men's national football team,National
�scar Tabárez,Uruguay,,Uruguay men's national football team,National
�scar Tabárez,Uruguay,,AC Milan,Italy
�scar Tabárez,Uruguay,,Boca Juniors,Argentina
�scar Tabárez,Uruguay,,Boca Juniors,Argentina
�scar Tabárez,Uruguay,,Cagliari Calcio,Italy
�scar Tabárez,Uruguay,,Cagliari Calcio,Italy
�scar Tabárez,Uruguay,,Club Atlético Vélez Sarsfield,Argentina
�scar Tabárez,Uruguay,,Uruguay national under-20 football team,National
�scar Tabárez,Uruguay,,Uruguay national under-20 football team,National
�scar Tabárez,Uruguay,,Real Oviedo,Spain
�scar Tabárez,Uruguay,,Penarol Atlético Clube,Brazil
�scar Tabárez,Uruguay,,Danubio F.C.,Uruguay
�scar Tabárez,Uruguay,,C.A. Bella Vista,Uruguay
�scar Tabárez,Uruguay,,Deportivo Cali,Colombia
�scar Tabárez,Uruguay,,Montevideo Wanderers Fútbol Club,Uruguay
Alberto Cavasin,Italy,,Leyton Orient F.C.,United Kingdom
William Garbutt,United Kingdom,,AC Milan,Italy
Gianni De Biasi,Italy,,Football Club Bassano 1903,Italy
Ljubiša Broćić,Socialist Federal Republic of Yugoslavia,,FC Barcelona,Spain
Eusebio Di Francesco,Italy,,US Lecce,Italy
Eusebio Di Francesco,Italy,,U.C. Sampdoria,Italy
Eusebio Di Francesco,Italy,,Cagliari Calcio,Italy
Eusebio Di Francesco,Italy,,Delfino Pescara 1936,Italy
Eusebio Di Francesco,Italy,,A.S. Roma,Italy
Eusebio Di Francesco,Italy,,Venezia F.C.,Italy
Eusebio Di Francesco,Italy,,Frosinone Calcio,Italy
Eusebio Di Francesco,Italy,,US Sassuolo Calcio,Italy
Eusebio Di Francesco,Italy,,US Sassuolo Calcio,Italy
Eusebio Di Francesco,Italy,,Hellas Verona FC,Italy
Eusebio Di Francesco,Italy,,Lanciano Calcio 1920,Italy
Gian Piero Gasperini Jotolon,Italy,,A.S. Roma,Italy
Giovanni Stroppa,Italy,,AC Milan,Italy
William Chalmers,United Kingdom,,Aldershot F.C.,United Kingdom
Federico Munerati,Italy,,A.S.D. Biellese 1902,Italy
József Viola,Hungary,,AC Milan,Italy
Carlo Parola,Italy,,SSC Ancona,Italy
Andrea Mandorlini,Italy,,U.S. Triestina Calcio 1918,Italy
Andrea Mandorlini,Italy,,Atalanta BC,Italy
Andrea Mandorlini,Italy,,Bologna F.C. 1909,Italy
Andrea Mandorlini,Italy,,CFR Cluj,Romania
Andrea Mandorlini,Italy,,CFR Cluj,Romania
Andrea Mandorlini,Italy,,Genoa CFC,Italy
Andrea Mandorlini,Italy,,Siena FC,Italy
Andrea Mandorlini,Italy,,Mantova FC,Italy
Andrea Mandorlini,Italy,,LR Vicenza,Italy
Andrea Mandorlini,Italy,,U.S. Cremonese,Italy
Andrea Mandorlini,Italy,,Calcio Padova,Italy
Andrea Mandorlini,Italy,,Calcio Padova,Italy
Andrea Mandorlini,Italy,,US Sassuolo Calcio,Italy
Andrea Mandorlini,Italy,,Spezia Calcio,Italy
Andrea Mandorlini,Italy,,Hellas Verona FC,Italy
Andrea Soncin,Italy,,Italy women's national football team,National
Gian Piero Ventura,Italy,,Pistoiese FC,Italy
Gian Piero Ventura,Italy,,US Lecce,Italy
Gian Piero Ventura,Italy,,A.S.D. Centese 1913,Italy
Gian Piero Ventura,Italy,,U.C. Sampdoria,Italy
Gian Piero Ventura,Italy,,Cagliari Calcio,Italy
Gian Piero Ventura,Italy,,Cagliari Calcio,Italy
Gian Piero Ventura,Italy,,AC ChievoVerona,Italy
Gian Piero Ventura,Italy,,Virtus Entella,Italy
Gian Piero Ventura,Italy,,Virtus Entella,Italy
Gian Piero Ventura,Italy,,SSC Napoli,Italy
Gian Piero Ventura,Italy,,Torino FC,Italy
Gian Piero Ventura,Italy,,Udinese Calcio,Italy
Gian Piero Ventura,Italy,,Pisa SC,Italy
Gian Piero Ventura,Italy,,A.C.R. Messina,Italy
Gian Piero Ventura,Italy,,Associazione Calcistica Dilettantistica Rapallo Ruentes 1914,Italy
Gian Piero Ventura,Italy,,Giarre F.C.,Italy
Gian Piero Ventura,Italy,,Venezia F.C.,Italy
Gian Piero Ventura,Italy,,Venezia F.C.,Italy
Gian Piero Ventura,Italy,,SSC Bari,Italy
Gian Piero Ventura,Italy,,Italy men's national association football team,National
Gian Piero Ventura,Italy,,Spezia Calcio,Italy
Gian Piero Ventura,Italy,,Hellas Verona FC,Italy
Armando Castellazzi,Italy,,Inter Milan,Italy
Bruno Pesaola,Italy,Argentina,SSC Napoli,Italy
Jarbas Faustinho,Brazil,,SSC Napoli,Italy
Paulo Amaral,Brazil,,Botafogo F.R.,Brazil
Cristiano Bergodi,Italy,,CS Universitatea Craiova,Romania
Cristiano Bergodi,Italy,,FC Voluntari,Romania
Cristiano Bergodi,Italy,,CFR Cluj,Romania
Cristiano Bergodi,Italy,,FC Rapid București,Romania
Rudi Garcia,France,,Olympique de Marseille,France
Rudi Garcia,France,,Belgium men's national football team,National
Rudi Garcia,France,,Lille OSC,France
Rudi Garcia,France,,AS Saint-Étienne,France
Rudi Garcia,France,,Le Mans F.C.,France
Rudi Garcia,France,,SSC Napoli,Italy
Rudi Garcia,France,,A.S. Roma,Italy
Rudi Garcia,France,,AS Corbeil,France
Rudi Garcia,France,,Al-Nassr,Saudi Arabia
Rudi Garcia,France,,Dijon FCO,France
Rudi Garcia,France,,Olympique Lyonnais,France
Hermann Felsner,Austria,,AC Milan,Italy
Guido Ara,Italy,,AC Milan,Italy
Luigi De Canio,Italy,,Queens Park Rangers F.C.,United Kingdom
Angelo Gregucci,Italy,,Leyton Orient F.C.,United Kingdom
Davide Ballardini,Italy,,SS Lazio,Italy
Davide Ballardini,Italy,,US Sassuolo Calcio,Italy
Massimiliano Allegri,Italy,,SPAL,Italy
Massimiliano Allegri,Italy,,Juventus FC,Italy
Massimiliano Allegri,Italy,,Juventus FC,Italy
Massimiliano Allegri,Italy,,AC Milan,Italy
Massimiliano Allegri,Italy,,AC Milan,Italy
Massimiliano Allegri,Italy,,Cagliari Calcio,Italy
Massimiliano Allegri,Italy,,U.S. Grosseto 1912,Italy
Massimiliano Allegri,Italy,,U.S. Grosseto 1912,Italy
Massimiliano Allegri,Italy,,US Sassuolo Calcio,Italy
Massimiliano Allegri,Italy,,Calcio Lecco 1912,Italy
Mario Magnozzi,Italy,,AC Milan,Italy
Luis Miró,Spain,,Real Valladolid,Spain
Luis Miró,Spain,,Sevilla FC,Spain
Luis Miró,Spain,,Valencia CF,Spain
Luis Miró,Spain,,Valencia CF,Spain
Luis Miró,Spain,,Centre d'Esports Sabadell Futbol Club,Spain
Luis Miró,Spain,,CD Málaga,Spain
Luis Miró,Spain,,Olympique de Marseille,France
Luis Miró,Spain,,UE Sants,Spain
Luis Miró,Spain,,A.S. Roma,Italy
Luis Miró,Spain,,Terrassa FC,Spain
Luis Miró,Spain,,FC Barcelona,Spain
Luis Miró,Spain,,FC Barcelona,Spain
Luis Miró,Spain,,RC Celta de Vigo,Spain
Vladimir Petković,Switzerland,Bosnia and Herzegovina,AC Bellinzona,Switzerland
Marco Baroni,Italy,,US Lecce,Italy
Marco Baroni,Italy,,U.S. Cremonese,Italy
Marco Baroni,Italy,,Frosinone Calcio,Italy
Marco Baroni,Italy,,AS Reggina 1914,Italy
Massimo Rastelli,Italy,,S.S. Juve Stabia,Italy
Giuseppe Marchioro,Italy,,AC Milan,Italy
Aldo Agroppi,Italy,,Como 1907,Italy
Aldo Agroppi,Italy,,A.C. Perugia Calcio,Italy
Aldo Agroppi,Italy,,A.C. Perugia Calcio,Italy
Aldo Agroppi,Italy,,ACF Fiorentina,Italy
Aldo Agroppi,Italy,,ACF Fiorentina,Italy
Aldo Agroppi,Italy,,Delfino Pescara 1936,Italy
Aldo Agroppi,Italy,,Pisa SC,Italy
Aldo Agroppi,Italy,,Ascoli Calcio 1898 FC,Italy
Aldo Agroppi,Italy,,Calcio Padova,Italy
Antonio Busini,Italy,,AC Milan,Italy
Giancarlo Cadé,Italy,,A.C. Reggiana 1919,Italy
Davide Nicola,Italy,,A.C. Lumezzane,Italy
Paolo Todeschini,Italy,,AC Milan,Italy
Maurizio Sarri,Italy,,Juventus FC,Italy
Maurizio Sarri,Italy,,Sorrento Calcio 1945,Italy
Maurizio Sarri,Italy,,A.C. Perugia Calcio,Italy
Maurizio Sarri,Italy,,FC Alessandria,Italy
Maurizio Sarri,Italy,,A.C. Sansovino,Italy
Maurizio Sarri,Italy,,SS Lazio,Italy
Maurizio Sarri,Italy,,SS Lazio,Italy
Maurizio Sarri,Italy,,SSC Napoli,Italy
Maurizio Sarri,Italy,,Delfino Pescara 1936,Italy
Maurizio Sarri,Italy,,A.S.D. SanGiovanniValdarno,Italy
Maurizio Sarri,Italy,,S.S. Arezzo,Italy
Maurizio Sarri,Italy,,U.S. Avellino 1912,Italy
Maurizio Sarri,Italy,,Empoli FC,Italy
Maurizio Sarri,Italy,,U.S. Grosseto 1912,Italy
Maurizio Sarri,Italy,,Hellas Verona FC,Italy
Maurizio Sarri,Italy,,Chelsea F.C.,United Kingdom
Béla Guttmann,Hungary,,AC Milan,Italy
Giuseppe Sannino,Italy,,Watford F.C.,United Kingdom
Andrea Stramaccioni,Italy,,AC Sparta Prague,Czech Republic
Andrea Stramaccioni,Italy,,Esteghlal F.C.,Iran
Rolando Maran,Italy,,U.S. Triestina Calcio 1918,Italy
Rolando Maran,Italy,,Cagliari Calcio,Italy
Rolando Maran,Italy,,Catania FC,Italy
Rolando Maran,Italy,,AC ChievoVerona,Italy
Rolando Maran,Italy,,Pisa SC,Italy
Rolando Maran,Italy,,LR Vicenza,Italy
Rolando Maran,Italy,,SSC Bari,Italy
Rolando Maran,Italy,,Brescia Calcio,Italy
Rolando Maran,Italy,,Associazione Sportiva Cittadella,Italy
Rolando Maran,Italy,,Varese Calcio,Italy
Julio Velázquez,Spain,,Real Betis Balompié,Spain
Kosta Runjaić,Germany,,Legia Warsaw,Poland
Aurelio Andreazzoli,Italy,,Genoa CFC,Italy
Paulo Fonseca,Portugal,,Clube Desportivo das Aves,Portugal
Paulo Fonseca,Portugal,,FC Porto,Portugal
Paulo Fonseca,Portugal,,S.U. 1º de Dezembro,Portugal
Paulo Fonseca,Portugal,,AC Milan,Italy
Paulo Fonseca,Portugal,,FC Shakhtar Donetsk,Ukraine
Paulo Fonseca,Portugal,,Lille OSC,France
Paulo Fonseca,Portugal,,A.S. Roma,Italy
Paulo Fonseca,Portugal,,C.D. Pinhalnovense,Portugal
Paulo Fonseca,Portugal,,Odivelas F.C.,Portugal
Paulo Fonseca,Portugal,,F.C. Paços de Ferreira,Portugal
Paulo Fonseca,Portugal,,F.C. Paços de Ferreira,Portugal
Paulo Fonseca,Portugal,,Olympique Lyonnais,France
Paulo Fonseca,Portugal,,S.C. Braga,Portugal
Massimo Giacomini,Italy,,AC Milan,Italy
Moreno Longo,Italy,,Torino FC,Italy
Moreno Longo,Italy,,Frosinone Calcio,Italy
Giovanni Martusciello,Italy,,Empoli FC,Italy
Leonardo Semplici,Italy,,SPAL,Italy
Leonardo Semplici,Italy,,Pisa SC,Italy
Diego Bortoluzzi,Italy,,Treviso F.B.C. 1993,Italy
Eugenio Bersellini,Italy,,Como 1907,Italy
Eugenio Bersellini,Italy,,Como 1907,Italy
Eugenio Bersellini,Italy,,US Lecce,Italy
Eugenio Bersellini,Italy,,U.C. Sampdoria,Italy
Eugenio Bersellini,Italy,,U.C. Sampdoria,Italy
Eugenio Bersellini,Italy,,Bologna F.C. 1909,Italy
Eugenio Bersellini,Italy,,Al NSR SC,Libya
Eugenio Bersellini,Italy,,ACF Fiorentina,Italy
Eugenio Bersellini,Italy,,U.S.D. Lavagnese 1919,Italy
Eugenio Bersellini,Italy,,Libya men's national football team,National
Eugenio Bersellini,Italy,,Torino FC,Italy
Eugenio Bersellini,Italy,,Pisa SC,Italy
Eugenio Bersellini,Italy,,U.S. Avellino 1912,Italy
Eugenio Bersellini,Italy,,ASD FBC Saronno 1910,Italy
Eugenio Bersellini,Italy,,Al-ittihad,Libya
Eugenio Bersellini,Italy,,Inter Milan,Italy
Eugenio Bersellini,Italy,,Ascoli Calcio 1898 FC,Italy
Eugenio Bersellini,Italy,,AC Cesena,Italy
Eugenio Bersellini,Italy,,Modena F.C.,Italy
Ilario Castagner,Italy,,AC Milan,Italy
Ilario Castagner,Italy,,A.C. Perugia Calcio,Italy
Ilario Castagner,Italy,,A.C. Perugia Calcio,Italy
Ilario Castagner,Italy,,A.C. Perugia Calcio,Italy
Ilario Castagner,Italy,,SS Lazio,Italy
Ilario Castagner,Italy,,Delfino Pescara 1936,Italy
Ilario Castagner,Italy,,Pisa SC,Italy
Ilario Castagner,Italy,,Inter Milan,Italy
Ilario Castagner,Italy,,Ascoli Calcio 1898 FC,Italy
Alessio Dionisi,Italy,,US Fiorenzuola 1922,Italy
Alessio Dionisi,Italy,,Palermo F.C.,Italy
Alessio Dionisi,Italy,,Imolese Calcio 1919,Italy
Alessio Dionisi,Italy,,Borgosesia Calcio,Italy
Alessio Dionisi,Italy,,Venezia F.C.,Italy
Alessio Dionisi,Italy,,Empoli FC,Italy
Alessio Dionisi,Italy,,US Sassuolo Calcio,Italy
Luca Gotti,Italy,,Udinese Calcio,Italy
Francesco Calzona,Italy,,Sorrento Calcio 1945,Italy
Francesco Calzona,Italy,,A.C. Perugia Calcio,Italy
Francesco Calzona,Italy,,FC Alessandria,Italy
Francesco Calzona,Italy,,Slovakia men's national football team,National
Francesco Calzona,Italy,,Cagliari Calcio,Italy
Francesco Calzona,Italy,,SSC Napoli,Italy
Francesco Calzona,Italy,,SSC Napoli,Italy
Francesco Calzona,Italy,,SSC Napoli,Italy
Francesco Calzona,Italy,,Empoli FC,Italy
